name,age,risk,aum,equity,bonds,cash,annual_return,investment_goal
Travis Stanton,59,Moderate,1834878,54,22,24,17.47,Capital Appreciation
Deborah Myers,25,Aggressive,864135,83,7,10,8.61,Wealth Expansion
Lindsey Smith,69,Conservative,3475701,34,49,17,15.9,Retirement Planning
Jeffery Davis,58,Aggressive,993046,93,6,1,7.45,Portfolio Diversification
Sherry Miller,45,Conservative,1876592,26,53,21,11.09,Education Planning
Donald Cortez,45,Aggressive,1427268,86,5,9,13.13,Retirement Planning
Matthew Arellano,50,Conservative,4524643,32,41,27,8.28,Portfolio Diversification
Amanda Stafford,74,Aggressive,3918433,81,20,-1,17.33,Long-Term Growth
Stephanie Luna,70,Moderate,2274756,53,32,15,15.05,Passive Income
Devin Carter,59,Moderate,2642362,61,35,4,7.76,Balanced Income
Dennis Hernandez,30,Conservative,2109367,29,41,30,8.29,Portfolio Diversification
Dr. Kelly Salas MD,65,Moderate,4186519,57,21,22,17.78,Long-Term Growth
Aaron Bryant,54,Aggressive,2414039,88,14,-2,6.66,Balanced Income
Joseph Snyder,47,Conservative,939509,30,49,21,8.69,Wealth Expansion
Harold Cortez,35,Moderate,4179409,66,22,12,9.69,Education Planning
Thomas Thompson,47,Aggressive,3362499,91,19,-10,14.26,Portfolio Diversification
Nicholas Maldonado,73,Moderate,2279158,58,38,4,4.25,Retirement Planning
Thomas Flores,48,Conservative,3423235,33,48,19,15.59,Long-Term Growth
Corey Tanner,48,Aggressive,3803308,76,20,4,7.43,Balanced Income
Joe Morris,73,Aggressive,837989,95,13,-8,8.72,Portfolio Diversification
Ryan Orozco,40,Conservative,2946568,25,52,23,6.06,Long-Term Growth
Marc Byrd,53,Moderate,2872418,62,38,0,16.75,Long-Term Growth
Andrea Franco,70,Conservative,2033169,39,41,20,5.85,Passive Income
Tyler Graham,60,Conservative,2744948,32,59,9,9.93,Balanced Income
Lance Edwards,35,Aggressive,2676866,81,14,5,16.25,Capital Appreciation
John Gonzalez,75,Moderate,3276536,54,40,6,7.12,Retirement Planning
Stephen Vaughn,54,Conservative,3198779,27,58,15,13.85,Capital Appreciation
Daniel Martinez,44,Conservative,2415919,25,52,23,8.27,Passive Income
Taylor Hanson,40,Aggressive,1522894,79,10,11,7.25,Capital Appreciation
Jill Moore,27,Moderate,2605542,69,29,2,5.24,Passive Income
Miranda Campbell,27,Aggressive,1952284,95,12,-7,12.81,Balanced Income
Tony Pearson,75,Conservative,4425867,35,48,17,9.71,Balanced Income
Chris Jenkins,68,Aggressive,2194318,94,17,-11,15.65,Education Planning
Crystal Hughes,62,Moderate,2864996,65,37,-2,9.3,Long-Term Growth
Erica Walker,70,Conservative,2342802,34,58,8,11.28,Balanced Income
Christopher Cole,53,Moderate,277652,68,22,10,10.21,Portfolio Diversification
Brad Murphy,38,Conservative,2387337,28,58,14,6.37,Long-Term Growth
Thomas Abbott,41,Conservative,990199,24,42,34,11.24,Long-Term Growth
Veronica Thompson,25,Aggressive,1691088,94,11,-5,12.21,Retirement Planning
Victoria Taylor,48,Conservative,766548,28,59,13,9.7,Portfolio Diversification
Kristine Briggs,74,Moderate,1757816,66,31,3,14.72,Retirement Planning
Latoya Hernandez,36,Conservative,3818515,36,41,23,11.81,Passive Income
Kenneth Romero,74,Moderate,4160996,51,25,24,10.25,Wealth Expansion
Frank Roman MD,36,Aggressive,350223,87,16,-3,10.55,Portfolio Diversification
Katherine Jones,41,Aggressive,3700461,81,16,3,9.07,Balanced Income
Alexa Taylor,34,Aggressive,4992114,91,10,-1,10.84,Wealth Expansion
Laura Valdez,28,Moderate,3216554,63,31,6,7.33,Passive Income
Taylor White,36,Aggressive,3149258,79,14,7,11.9,Education Planning
Emily Bailey,74,Aggressive,1732417,80,7,13,4.35,Balanced Income
Andrew Turner,74,Aggressive,2329272,84,17,-1,7.94,Wealth Expansion
Catherine Martinez,32,Conservative,4591213,30,40,30,6.13,Wealth Expansion
Monica Nolan,33,Aggressive,4046184,88,14,-2,6.07,Wealth Expansion
Brooke Russell,32,Aggressive,1152602,88,15,-3,10.06,Portfolio Diversification
Deborah Aguirre,69,Moderate,3066077,58,39,3,5.34,Balanced Income
Lawrence Lewis,64,Conservative,814860,30,59,11,11.14,Balanced Income
Christian Velez,65,Conservative,2799844,38,49,13,14.99,Portfolio Diversification
Matthew Miller,29,Moderate,2071899,57,32,11,5.58,Wealth Expansion
Alyssa Jackson,28,Conservative,371249,40,54,6,16.27,Capital Appreciation
Rachael Garcia,46,Moderate,4878110,55,37,8,8.61,Long-Term Growth
Megan Mendez,40,Aggressive,4905576,81,17,2,9.59,Portfolio Diversification
Jon Richardson,69,Moderate,1270302,67,21,12,4.79,Capital Appreciation
Ann Jones,40,Moderate,3619855,54,20,26,9.41,Balanced Income
Julia Edwards,50,Aggressive,1249170,86,18,-4,17.14,Education Planning
Crystal Murphy,48,Conservative,260600,20,40,40,8.92,Education Planning
Sharon Flores,56,Conservative,3439945,27,55,18,8.74,Portfolio Diversification
Kathryn Washington,52,Conservative,129340,37,51,12,15.53,Portfolio Diversification
Daniel Graham,74,Conservative,2312661,40,51,9,10.82,Portfolio Diversification
Terry Espinoza,26,Moderate,1592118,64,36,0,8.39,Education Planning
Tiffany Arnold,71,Moderate,2019794,66,25,9,15.01,Retirement Planning
Rebecca Waters,42,Moderate,563917,52,34,14,13.87,Long-Term Growth
Jessica Fox,34,Moderate,4094732,69,32,-1,4.79,Passive Income
Laura Torres,39,Conservative,4467738,36,49,15,11.08,Balanced Income
Ronald Rosales,47,Conservative,4878796,36,46,18,10.47,Retirement Planning
Amanda Patel,58,Moderate,1818178,60,39,1,5.83,Balanced Income
Angela Church,32,Conservative,1811203,27,57,16,14.21,Passive Income
Amy Shaffer,71,Moderate,2546028,53,26,21,7.01,Passive Income
Ricky Alexander,42,Conservative,3374988,40,51,9,13.18,Balanced Income
Christopher Green,52,Moderate,326583,50,23,27,13.75,Portfolio Diversification
Leah Ford,28,Aggressive,1160214,91,5,4,4.3,Wealth Expansion
Elizabeth Stone,74,Conservative,3828020,37,46,17,11.36,Education Planning
Natalie Clark,62,Conservative,4649982,34,46,20,8.74,Retirement Planning
Antonio Allen,59,Aggressive,3858855,75,11,14,10.46,Capital Appreciation
Justin Curtis,28,Conservative,3440750,39,52,9,7.15,Education Planning
Diane Wood,27,Aggressive,3738367,82,19,-1,7.14,Passive Income
Juan Sexton,46,Aggressive,4766770,83,15,2,6.9,Education Planning
Sandra Oconnell,50,Moderate,3973020,64,21,15,4.11,Passive Income
Luke Stone,56,Aggressive,4911422,85,7,8,4.37,Capital Appreciation
Brandon Frye,27,Conservative,232235,25,55,20,6.27,Education Planning
Logan Espinoza,71,Aggressive,4072142,85,17,-2,13.78,Capital Appreciation
Walter Harper,54,Aggressive,640287,88,16,-4,8.88,Portfolio Diversification
Jacob Mendez,57,Aggressive,4618628,85,17,-2,17.3,Education Planning
Justin Johnson,49,Aggressive,4795979,79,9,12,15.4,Passive Income
Jamie Wilson DVM,27,Conservative,4097729,25,55,20,7.22,Portfolio Diversification
Angela Jones,69,Moderate,576285,70,21,9,4.99,Wealth Expansion
Sherri Mclean,26,Moderate,4340995,69,36,-5,15.19,Wealth Expansion
Patricia Butler,40,Conservative,765007,23,41,36,13.03,Passive Income
Michael Bennett,60,Moderate,2964053,67,28,5,11.52,Capital Appreciation
Melinda Wolfe,45,Moderate,4870106,57,30,13,14.67,Passive Income
Michelle Jackson,35,Conservative,1482219,27,59,14,12.25,Retirement Planning
Catherine Thompson,60,Conservative,4158922,37,47,16,5.08,Wealth Expansion
Carrie Potts,73,Moderate,2894185,69,27,4,15.96,Capital Appreciation
Stephanie Palmer,74,Aggressive,3858582,83,20,-3,7.73,Education Planning
Thomas Watts,53,Conservative,1337174,23,40,37,14.74,Balanced Income
Charles Sanchez,32,Moderate,3964144,70,33,-3,9.82,Passive Income
Dustin Horn,27,Conservative,4250170,29,60,11,12.87,Wealth Expansion
David Calhoun,65,Moderate,3406845,58,25,17,8.09,Balanced Income
Mark Perkins,33,Aggressive,4852755,94,12,-6,9.12,Passive Income
Leonard Fox,58,Aggressive,4007145,87,10,3,4.55,Capital Appreciation
Wendy Bullock,45,Moderate,4048132,54,34,12,8.99,Education Planning
Alexis Thompson,66,Moderate,3601080,53,28,19,6.2,Long-Term Growth
Sarah Gonzalez,75,Conservative,1421881,39,43,18,11.19,Passive Income
Tara Wilson,36,Aggressive,1413859,94,5,1,11.59,Passive Income
Ricardo Brown,58,Aggressive,3132845,89,6,5,15.09,Balanced Income
Brittney Bradford,46,Conservative,695147,25,45,30,16.37,Capital Appreciation
Tim Curtis,38,Aggressive,2424129,87,9,4,14.24,Wealth Expansion
Jessica Mccarty,74,Conservative,2517081,39,60,1,10.45,Retirement Planning
Kyle Nunez,43,Aggressive,3020118,78,12,10,8.01,Wealth Expansion
Joel Bradley,46,Conservative,4327380,32,54,14,5.61,Retirement Planning
Gabriela Beck,74,Aggressive,1425801,90,19,-9,15.29,Balanced Income
Robert Mercer,34,Conservative,369623,37,60,3,6.9,Retirement Planning
Sydney Hatfield,72,Conservative,1970810,22,53,25,17.63,Wealth Expansion
Ashley Clark,33,Moderate,3283254,62,39,-1,6.81,Capital Appreciation
Diana Peterson,41,Conservative,2369296,38,48,14,10.82,Retirement Planning
Tammie Johnston,44,Moderate,2749630,58,32,10,11.48,Wealth Expansion
Robert Baker,52,Conservative,2455440,35,53,12,8.57,Portfolio Diversification
Kevin Morgan,33,Conservative,4368096,29,60,11,17.6,Long-Term Growth
Tammy Hernandez,69,Moderate,4504703,65,31,4,11.68,Capital Appreciation
Tommy Wise,33,Aggressive,3835870,79,14,7,16.66,Portfolio Diversification
Jacqueline Parsons,59,Aggressive,2560073,83,5,12,16.76,Portfolio Diversification
Tanya Hill,72,Aggressive,938036,79,10,11,17.69,Portfolio Diversification
Ronnie Dudley,71,Conservative,4132008,30,60,10,9.93,Long-Term Growth
Stacy Davis,61,Conservative,2503654,26,46,28,16.69,Balanced Income
Shannon Warren,57,Conservative,3839615,39,43,18,7.08,Balanced Income
John Andrews,46,Aggressive,3908874,76,7,17,9.61,Passive Income
Michael Acosta,53,Moderate,3509291,69,39,-8,12.96,Balanced Income
Robert Ward,72,Moderate,3574759,67,34,-1,9.31,Education Planning
Michael Martinez,26,Aggressive,4452601,76,6,18,7.94,Retirement Planning
Clifford Fields,32,Moderate,941128,58,32,10,6.89,Passive Income
Cynthia Brown,75,Moderate,467184,62,21,17,7.3,Education Planning
Lisa Leonard,54,Moderate,4910077,70,39,-9,14.0,Capital Appreciation
Brian Estrada,66,Conservative,2797404,32,45,23,4.24,Wealth Expansion
Tina Fleming,58,Aggressive,4517879,82,19,-1,13.83,Retirement Planning
David Vargas,26,Conservative,897839,23,49,28,9.51,Retirement Planning
Justin Baird,65,Conservative,4487135,22,58,20,11.61,Portfolio Diversification
Ashley Garcia,73,Aggressive,4747784,80,13,7,7.08,Portfolio Diversification
Kevin Riley,29,Conservative,2244286,27,50,23,8.38,Long-Term Growth
Jennifer Baker,42,Aggressive,4783501,92,7,1,8.67,Capital Appreciation
Kimberly Pena,39,Conservative,3427664,39,57,4,17.52,Long-Term Growth
Steve Scott,41,Conservative,1074667,33,53,14,10.1,Passive Income
Leslie Simon,41,Moderate,2809188,50,22,28,8.04,Capital Appreciation
Tammy Pearson,52,Moderate,1447443,68,28,4,16.21,Long-Term Growth
Tammy Jenkins,50,Conservative,1722096,24,41,35,13.83,Balanced Income
Audrey Wilson,60,Moderate,2479755,70,30,0,6.79,Balanced Income
David Bowers,30,Aggressive,4891560,79,5,16,6.91,Education Planning
Kevin Tran,55,Moderate,4952346,63,40,-3,9.41,Long-Term Growth
Kelly Jones,38,Conservative,4245590,37,46,17,4.24,Wealth Expansion
Charles Carroll,51,Conservative,1146364,26,51,23,8.56,Retirement Planning
Nancy Clark,50,Conservative,4532373,37,57,6,15.44,Long-Term Growth
Andrew Bradshaw,59,Aggressive,3575383,94,16,-10,17.54,Passive Income
Kevin Lane,37,Aggressive,990360,81,17,2,11.26,Long-Term Growth
Michael Warner,53,Aggressive,3498469,80,10,10,16.25,Retirement Planning
Katie Grant,54,Aggressive,810589,93,15,-8,6.65,Passive Income
Mark Powell,36,Conservative,2625921,40,44,16,7.97,Portfolio Diversification
Ryan Humphrey,32,Conservative,2803944,38,45,17,11.11,Wealth Expansion
Tami Reynolds,70,Conservative,1220067,37,51,12,5.0,Education Planning
Sarah Vasquez,73,Moderate,994411,62,34,4,12.19,Balanced Income
Ryan Garcia,72,Moderate,3387752,70,29,1,17.62,Passive Income
Jeffrey Simon,66,Conservative,4028487,27,49,24,16.79,Long-Term Growth
Martha Brown,58,Conservative,2266271,38,57,5,9.58,Balanced Income
Joseph Martinez,55,Moderate,2687308,68,31,1,17.4,Education Planning
Adam Nelson,45,Aggressive,2718512,93,6,1,12.61,Retirement Planning
Adam Rose,53,Moderate,4318902,67,28,5,11.27,Capital Appreciation
Scott Thomas,69,Conservative,1884542,31,56,13,13.17,Passive Income
Thomas Rodriguez,44,Aggressive,2454635,77,5,18,13.72,Retirement Planning
Robert Goodwin,44,Moderate,538932,67,32,1,8.92,Portfolio Diversification
Brian Lee,68,Conservative,2650958,30,47,23,13.46,Balanced Income
Oscar Smith,49,Aggressive,1038536,84,9,7,4.04,Balanced Income
Stephanie Robinson,56,Aggressive,3212869,79,7,14,10.63,Balanced Income
Joseph Alexander,50,Moderate,1410976,54,28,18,16.61,Passive Income
Michelle Choi,32,Aggressive,3590184,88,10,2,10.17,Retirement Planning
Phillip Yoder,53,Aggressive,2967059,78,14,8,8.85,Capital Appreciation
Mrs. Melinda Mckenzie MD,28,Aggressive,3286381,88,5,7,11.0,Long-Term Growth
Justin Simpson,36,Aggressive,2887409,75,6,19,12.53,Wealth Expansion
William Mcdaniel,48,Conservative,3118464,26,57,17,15.75,Capital Appreciation
Michelle Terry,30,Conservative,251684,28,51,21,13.26,Capital Appreciation
Karen Hayes,48,Aggressive,529418,87,6,7,16.15,Capital Appreciation
Daniel Neal,45,Conservative,4614048,24,44,32,8.0,Portfolio Diversification
Stephanie Jones,51,Moderate,4615952,65,23,12,8.49,Long-Term Growth
Michael Camacho,29,Aggressive,1614871,92,10,-2,7.36,Portfolio Diversification
Steven Sanders,56,Moderate,4977682,70,33,-3,12.93,Education Planning
Annette Miller,40,Conservative,3123718,30,51,19,7.82,Wealth Expansion
Tiffany Roberson,64,Conservative,1003955,30,56,14,15.82,Balanced Income
George Mcbride,33,Moderate,1765471,68,35,-3,13.31,Long-Term Growth
William Brown,29,Conservative,3638606,39,49,12,12.16,Balanced Income
Scott Smith,52,Moderate,204130,60,40,0,4.97,Retirement Planning
Melissa Ramos,54,Conservative,101558,22,57,21,14.72,Balanced Income
Dr. Sonya Gutierrez MD,58,Aggressive,3360144,87,20,-7,10.03,Long-Term Growth
Michelle Stokes,39,Aggressive,605815,78,12,10,14.36,Balanced Income
Eric Allen,38,Aggressive,3813819,95,20,-15,11.61,Retirement Planning
Bruce Thomas,25,Moderate,2731123,51,39,10,17.94,Portfolio Diversification
Victor Carter,33,Aggressive,4332212,78,7,15,15.56,Wealth Expansion
Dawn Miller,67,Conservative,2807870,35,58,7,4.87,Education Planning
Lisa Massey,36,Conservative,1279426,25,49,26,13.06,Retirement Planning
Sarah Reynolds,41,Conservative,1574419,28,46,26,17.62,Balanced Income
Martin Phillips,53,Conservative,2971573,33,46,21,14.82,Capital Appreciation
Dean Marshall,61,Moderate,1626963,53,30,17,17.96,Retirement Planning
Elizabeth Diaz,30,Moderate,4618322,68,40,-8,11.07,Balanced Income
Jeffrey Carey,45,Conservative,3054835,36,41,23,4.21,Portfolio Diversification
Lee Anderson,25,Moderate,1566270,63,35,2,16.0,Balanced Income
Kiara Rodriguez,34,Moderate,2169563,65,35,0,12.16,Education Planning
Gary Obrien,47,Conservative,1176424,22,56,22,9.1,Education Planning
Brooke Gray,41,Moderate,4614079,64,27,9,16.55,Passive Income
Mallory Berger,68,Moderate,1691767,51,40,9,17.01,Passive Income
Diana Webb,28,Aggressive,2009656,83,8,9,4.27,Passive Income
Jeffrey Hernandez,56,Aggressive,1421105,82,12,6,10.44,Wealth Expansion
Annette Davis,42,Conservative,2758371,25,47,28,10.52,Wealth Expansion
Michael Trujillo,32,Moderate,4873975,65,24,11,11.07,Education Planning
Calvin Salazar,59,Moderate,1304120,55,22,23,13.46,Capital Appreciation
Eugene Hood,49,Aggressive,3528550,83,14,3,10.11,Capital Appreciation
William Whitaker,46,Moderate,3225383,59,26,15,15.32,Capital Appreciation
Joshua Mitchell,55,Moderate,1648239,56,26,18,9.7,Portfolio Diversification
Marcus Tucker,26,Conservative,1285154,27,45,28,14.32,Retirement Planning
Charlotte Townsend,63,Moderate,3029029,60,35,5,15.93,Education Planning
Sabrina Hayes,67,Conservative,2049791,20,57,23,10.21,Balanced Income
Jessica Martinez,72,Moderate,4404830,58,21,21,16.51,Portfolio Diversification
Steven Wilson,29,Moderate,4243011,67,33,0,8.84,Balanced Income
Lee Hicks,64,Conservative,4245842,37,57,6,6.16,Passive Income
Kenneth Schneider,60,Conservative,1421373,32,54,14,4.67,Capital Appreciation
Kathleen Sullivan,62,Conservative,3439656,39,52,9,10.73,Retirement Planning
Katherine Gilbert,29,Conservative,3526436,40,55,5,10.46,Education Planning
Sarah Garcia,35,Moderate,2763033,59,35,6,6.5,Capital Appreciation
Sarah Hancock,57,Moderate,1212850,54,40,6,11.9,Passive Income
Felicia Holder,31,Aggressive,1279386,82,15,3,8.6,Balanced Income
Kyle Walker,60,Aggressive,3316641,78,7,15,16.55,Wealth Expansion
Cory Gross,75,Moderate,4647886,52,27,21,14.39,Passive Income
Ryan Mahoney,47,Aggressive,900774,89,6,5,16.77,Education Planning
Sandra Sloan,49,Aggressive,3245624,79,7,14,13.79,Education Planning
Amy Simpson,52,Moderate,606375,58,37,5,4.14,Wealth Expansion
Christopher Roberson,40,Moderate,3574969,64,26,10,12.99,Wealth Expansion
Jennifer Powell,43,Moderate,3550052,67,29,4,8.48,Long-Term Growth
Miss Marissa Brown,62,Aggressive,3384501,88,18,-6,8.43,Wealth Expansion
Larry Dickerson,66,Moderate,2384211,61,36,3,13.26,Education Planning
Oscar Giles,36,Conservative,3910766,35,47,18,17.86,Education Planning
Makayla Johnson,61,Moderate,1694157,53,25,22,16.61,Long-Term Growth
Jacqueline Murray,66,Moderate,3547174,59,25,16,13.6,Retirement Planning
Travis Schmidt,68,Conservative,432147,23,43,34,8.39,Wealth Expansion
Russell Nelson,28,Conservative,3452208,24,46,30,11.47,Balanced Income
Nicholas Bishop,29,Conservative,2815107,28,42,30,5.41,Passive Income
Theresa Ramirez,26,Aggressive,4980839,76,18,6,11.22,Balanced Income
Alyssa Williams,39,Aggressive,4266726,79,15,6,11.66,Education Planning
Yvette English,41,Aggressive,2516185,78,10,12,9.64,Retirement Planning
Ronald Gutierrez,52,Aggressive,1964232,76,9,15,7.66,Capital Appreciation
Stephanie Hale,31,Aggressive,3709217,76,5,19,7.71,Balanced Income
Joseph Hobbs,29,Moderate,2629043,64,21,15,17.93,Long-Term Growth
Latasha Anderson,36,Aggressive,3158425,88,13,-1,7.67,Balanced Income
Kevin Mooney,30,Conservative,1341625,32,47,21,12.28,Passive Income
Russell Reynolds,58,Conservative,4221951,30,48,22,17.73,Passive Income
Margaret Thomas,38,Conservative,4312741,37,60,3,4.56,Retirement Planning
Katie Bryan,47,Conservative,541057,28,42,30,5.65,Wealth Expansion
Kellie Stevens,52,Aggressive,4705639,87,18,-5,4.36,Education Planning
Ricky Villanueva,75,Aggressive,2974282,85,17,-2,4.23,Retirement Planning
Sharon Hill,37,Conservative,2723125,24,41,35,13.21,Capital Appreciation
Anthony Adams,33,Aggressive,3592876,76,14,10,6.88,Long-Term Growth
Travis Perkins,50,Aggressive,1793106,79,16,5,13.0,Retirement Planning
Juan Lee,27,Moderate,2873203,70,39,-9,11.85,Education Planning
Hannah Bailey,43,Aggressive,4997589,86,8,6,16.54,Retirement Planning
Valerie Stevens,51,Aggressive,262068,84,10,6,11.06,Portfolio Diversification
Thomas Landry,59,Moderate,3039465,67,37,-4,9.07,Retirement Planning
Kenneth Johnson,47,Moderate,4153472,60,30,10,9.98,Retirement Planning
Angela Hill,63,Moderate,883975,60,20,20,4.52,Portfolio Diversification
Rebecca Sanchez,74,Aggressive,2320648,83,20,-3,13.6,Long-Term Growth
Lisa Lopez,74,Aggressive,4597189,87,12,1,11.16,Retirement Planning
Christopher Davidson,27,Aggressive,1288478,90,6,4,4.61,Balanced Income
Raymond Ayala,35,Moderate,2266417,52,31,17,11.61,Portfolio Diversification
Keith Day,73,Aggressive,2027671,85,6,9,5.08,Wealth Expansion
Sydney Barrett,29,Moderate,3822261,59,24,17,8.49,Passive Income
Tyler Ruiz,41,Conservative,4091175,21,55,24,16.53,Wealth Expansion
Rhonda Anderson,33,Moderate,367695,66,29,5,12.65,Portfolio Diversification
Amy Richards,30,Aggressive,4001692,82,20,-2,14.99,Capital Appreciation
Regina Brown MD,38,Aggressive,1899814,84,7,9,5.33,Portfolio Diversification
Lauren Sanchez,57,Conservative,2925851,20,43,37,5.55,Capital Appreciation
Melissa Ford,49,Aggressive,1097648,78,17,5,4.99,Retirement Planning
Jared Alvarado,53,Aggressive,2765960,88,9,3,15.71,Retirement Planning
Bridget Green,49,Conservative,1223020,37,41,22,14.12,Capital Appreciation
William Williamson,57,Moderate,1106304,66,37,-3,17.03,Education Planning
Kenneth Brown,26,Moderate,4543793,53,31,16,6.86,Capital Appreciation
Danielle Williams,70,Moderate,1413771,63,29,8,8.61,Balanced Income
Dillon Cruz,38,Conservative,1053847,24,44,32,6.67,Retirement Planning
Gabrielle White,54,Aggressive,4756436,95,9,-4,13.07,Wealth Expansion
Douglas Chavez,34,Moderate,944374,64,26,10,4.98,Wealth Expansion
Kimberly Sharp,54,Conservative,2482431,26,60,14,17.31,Wealth Expansion
Victoria Nguyen,71,Moderate,4708759,55,32,13,16.17,Capital Appreciation
Thomas Schaefer,28,Conservative,4673652,21,42,37,9.34,Education Planning
Mrs. Kristina Perez DDS,72,Moderate,2106933,64,28,8,15.7,Long-Term Growth
Steven Chavez,47,Moderate,2985096,66,38,-4,9.02,Wealth Expansion
Joel Kennedy,61,Moderate,2747185,67,38,-5,17.53,Portfolio Diversification
Kimberly Wolf,53,Moderate,4424328,62,35,3,17.3,Retirement Planning
Thomas Huerta,38,Conservative,4874368,34,47,19,6.97,Capital Appreciation
Robin Clements,65,Moderate,136793,60,20,20,11.25,Portfolio Diversification
Sean Gross,61,Aggressive,1773449,80,10,10,13.3,Portfolio Diversification
Lori Stewart,71,Moderate,3050157,59,34,7,10.78,Portfolio Diversification
Cindy James,39,Aggressive,2557132,88,18,-6,9.56,Long-Term Growth
Victoria Barber,69,Aggressive,4606973,92,6,2,9.19,Portfolio Diversification
Cathy Robbins,38,Moderate,3753374,54,24,22,14.61,Capital Appreciation
Catherine Edwards,26,Aggressive,2017999,82,17,1,6.01,Wealth Expansion
Kimberly Maxwell,36,Moderate,4247047,50,35,15,5.52,Education Planning
Larry Gonzalez,31,Conservative,4742962,35,60,5,10.08,Education Planning
Jeanette Salas,30,Aggressive,4899562,87,19,-6,6.63,Portfolio Diversification
Spencer Strickland,44,Conservative,2579374,22,55,23,10.99,Passive Income
Pamela Gordon,63,Conservative,3078701,31,55,14,17.45,Balanced Income
Destiny Medina,38,Conservative,3201939,21,51,28,6.4,Education Planning
Katie Cummings,53,Aggressive,2273817,86,20,-6,11.17,Education Planning
Christopher Ortiz,59,Conservative,2022188,37,47,16,8.86,Portfolio Diversification
Christopher Petty,63,Aggressive,1957402,84,6,10,11.9,Balanced Income
Shawn Morgan,31,Aggressive,2719147,92,7,1,14.94,Wealth Expansion
Jeffery Bridges,67,Conservative,3928885,39,49,12,11.08,Passive Income
Rebecca Clark,42,Conservative,926533,35,58,7,8.67,Balanced Income
James Russell MD,75,Conservative,2273416,38,50,12,6.49,Capital Appreciation
Aaron Holmes,68,Conservative,2968516,37,50,13,15.44,Long-Term Growth
Mark Fuentes,69,Conservative,1559239,20,60,20,17.75,Education Planning
Samantha Mckinney,47,Moderate,1167320,54,29,17,13.11,Passive Income
Scott Heath,26,Conservative,2421861,34,60,6,7.93,Portfolio Diversification
Nicole Malone,69,Moderate,3932967,50,34,16,14.16,Wealth Expansion
Ryan Adams,34,Aggressive,1561461,82,20,-2,10.54,Balanced Income
Crystal Reed,50,Conservative,741159,35,40,25,9.87,Long-Term Growth
Brett Moore,37,Conservative,1155366,28,59,13,5.54,Passive Income
Erin Williams,58,Moderate,476755,69,20,11,13.17,Capital Appreciation
Phillip Nelson,40,Moderate,1649465,61,39,0,5.52,Capital Appreciation
John Trevino,55,Aggressive,136023,84,17,-1,8.26,Wealth Expansion
Corey Campbell,60,Moderate,1801693,52,35,13,16.02,Capital Appreciation
Gabriella Murphy,73,Aggressive,2032300,78,16,6,6.73,Wealth Expansion
Robert Gibson,47,Conservative,2318732,35,51,14,17.41,Wealth Expansion
Jennifer Coleman,52,Conservative,1652625,34,54,12,5.83,Passive Income
Michelle Francis,51,Conservative,1393536,26,56,18,9.84,Wealth Expansion
Bridget Underwood,45,Moderate,4499988,57,26,17,17.84,Long-Term Growth
Danny Bridges,75,Aggressive,152687,82,16,2,6.06,Long-Term Growth
Christopher Alvarado,67,Conservative,4937504,33,46,21,13.45,Wealth Expansion
Alexis Bennett,56,Moderate,3259431,64,37,-1,9.67,Retirement Planning
Luis Ibarra,64,Aggressive,257009,82,18,0,10.08,Balanced Income
Adam Morton,29,Conservative,2095626,29,42,29,10.5,Capital Appreciation
Courtney James,57,Aggressive,4850192,87,9,4,5.96,Balanced Income
Catherine Ortiz,32,Aggressive,662600,85,10,5,14.7,Passive Income
Wayne Bell,52,Moderate,874704,70,38,-8,11.78,Passive Income
Daniel Powell,67,Conservative,4786416,27,57,16,15.39,Balanced Income
James Walker,63,Conservative,3693065,25,52,23,13.77,Capital Appreciation
Mike Chambers,59,Aggressive,1614373,85,15,0,14.24,Portfolio Diversification
Ashley Anderson,27,Conservative,2493940,28,53,19,12.69,Long-Term Growth
Rhonda Taylor,61,Aggressive,2442859,87,17,-4,15.15,Education Planning
Timothy Brown,62,Moderate,2226605,60,25,15,12.63,Passive Income
Anthony Kelly,51,Aggressive,3714500,87,15,-2,7.76,Portfolio Diversification
Jessica Burns,47,Moderate,3284494,50,32,18,4.2,Long-Term Growth
Robert Cummings,38,Conservative,1660639,27,52,21,17.45,Long-Term Growth
Mary Mack,42,Aggressive,3695044,91,10,-1,16.6,Balanced Income
Mrs. Karen Hunt,62,Aggressive,145976,81,9,10,16.76,Capital Appreciation
Nicole Wood,43,Conservative,3299810,33,42,25,14.73,Education Planning
Jody Nunez,63,Moderate,3658102,59,39,2,7.36,Long-Term Growth
Tracy Mccullough,25,Conservative,1551494,23,50,27,9.98,Capital Appreciation
Robert Patton,58,Aggressive,216727,82,18,0,4.32,Balanced Income
Douglas Perez,45,Conservative,3001198,20,43,37,16.31,Passive Income
Jared Williams,29,Aggressive,2942338,87,11,2,8.54,Passive Income
Stephanie Green,47,Moderate,2926471,57,25,18,13.22,Balanced Income
Laurie Simmons,28,Conservative,4462635,21,56,23,9.96,Retirement Planning
Sarah Martinez,29,Conservative,1827461,31,42,27,5.89,Retirement Planning
Susan Davis,28,Moderate,2179247,54,26,20,7.27,Passive Income
Monica Bartlett,51,Conservative,4971582,40,54,6,12.84,Passive Income
Rhonda Romero,32,Conservative,1585442,22,47,31,4.28,Retirement Planning
Shaun Miller,71,Aggressive,958834,92,9,-1,17.49,Capital Appreciation
Lance Morris,43,Moderate,1086436,50,24,26,11.87,Passive Income
Jennifer Morris,74,Moderate,4979160,70,23,7,11.97,Retirement Planning
Kerry Gomez,44,Moderate,611094,65,32,3,5.97,Wealth Expansion
Omar Armstrong,32,Conservative,3148433,27,52,21,17.96,Balanced Income
James Johnson,26,Aggressive,2866762,94,5,1,17.67,Passive Income
Robert Fernandez,55,Aggressive,1909926,89,6,5,14.28,Capital Appreciation
Logan Hawkins,48,Moderate,4876959,58,27,15,8.48,Wealth Expansion
Erica Jenkins,44,Aggressive,2722286,83,8,9,13.55,Capital Appreciation
Edward Sanchez,29,Aggressive,4176712,95,16,-11,7.88,Capital Appreciation
George Walker,48,Conservative,1036581,23,47,30,15.01,Balanced Income
John Walker,36,Aggressive,1613985,75,19,6,14.43,Balanced Income
Michelle Flores,64,Moderate,3010463,68,33,-1,9.97,Portfolio Diversification
Ricky Lynch,69,Conservative,2748711,25,55,20,16.68,Passive Income
Amanda Wilson,75,Moderate,427486,51,36,13,10.94,Portfolio Diversification
James Rhodes,55,Moderate,2847843,59,30,11,9.74,Wealth Expansion
Michael Evans,25,Aggressive,803052,82,16,2,16.76,Capital Appreciation
Denise Mcdaniel,33,Aggressive,1544245,84,13,3,10.19,Balanced Income
Justin Hill,68,Aggressive,1523246,87,9,4,12.78,Long-Term Growth
Anthony Fuller,27,Conservative,1159414,28,50,22,10.89,Retirement Planning
David Thompson,49,Aggressive,3707206,77,20,3,5.91,Wealth Expansion
Richard Ramirez,54,Moderate,2646418,51,37,12,5.52,Education Planning
Michael Hawkins Jr.,71,Moderate,4366311,67,29,4,4.49,Wealth Expansion
William Smith,27,Moderate,3846526,61,37,2,10.75,Wealth Expansion
Rebecca Davis,40,Conservative,2841193,27,52,21,15.06,Wealth Expansion
Teresa Fisher,59,Conservative,1126959,33,56,11,7.79,Balanced Income
Ashley Spencer,45,Aggressive,1059602,80,20,0,16.66,Balanced Income
Michael Proctor,44,Aggressive,516624,83,13,4,16.09,Portfolio Diversification
Christopher Olsen,74,Conservative,1300104,30,45,25,5.74,Balanced Income
Allison Simpson,63,Aggressive,4679167,84,19,-3,7.42,Capital Appreciation
Carrie Lewis,39,Aggressive,366696,84,16,0,9.77,Long-Term Growth
Amanda Manning,71,Moderate,3989652,65,39,-4,8.76,Retirement Planning
Angela Miller,70,Conservative,3981335,38,57,5,8.17,Wealth Expansion
Alicia Obrien,53,Conservative,1065844,33,49,18,14.55,Passive Income
Robert Graham,42,Aggressive,1610054,95,8,-3,6.18,Balanced Income
Scott Silva,71,Conservative,2642009,29,59,12,11.56,Portfolio Diversification
Jocelyn Graves,38,Conservative,3626921,25,41,34,15.94,Education Planning
Randy Brown,75,Moderate,1022832,64,37,-1,17.44,Passive Income
Ian Orr,65,Moderate,3324560,51,24,25,15.45,Long-Term Growth
Eric Warren,37,Moderate,1654884,67,20,13,16.66,Long-Term Growth
Nicholas Green,61,Moderate,2130801,69,32,-1,10.19,Education Planning
Amanda Cruz,45,Moderate,2561071,67,33,0,6.59,Retirement Planning
Kayla Ramirez,52,Conservative,657551,31,49,20,10.31,Capital Appreciation
Nancy Walter,54,Aggressive,1970817,83,14,3,17.28,Balanced Income
Mark Meyer,48,Aggressive,316009,77,14,9,8.25,Balanced Income
Joshua Hodge,26,Conservative,3974117,25,54,21,6.97,Long-Term Growth
Ronald Lee,49,Aggressive,3423025,87,11,2,6.75,Retirement Planning
Dr. Linda Gibbs,66,Aggressive,2666857,83,13,4,13.1,Portfolio Diversification
Mitchell Sherman,47,Conservative,3100887,36,46,18,4.12,Passive Income
Douglas Morales,35,Aggressive,3160048,95,6,-1,4.88,Retirement Planning
Sean Silva,74,Moderate,366959,50,34,16,16.51,Wealth Expansion
Peggy Davis,55,Aggressive,3390209,82,17,1,8.98,Capital Appreciation
Bethany Thompson,36,Aggressive,2805312,80,20,0,6.0,Long-Term Growth
Mr. James Salazar,27,Aggressive,4594105,94,10,-4,12.24,Long-Term Growth
Kristy Baker,64,Conservative,2707149,33,40,27,14.59,Capital Appreciation
Mrs. Alicia Crawford,36,Moderate,4693007,62,31,7,6.99,Long-Term Growth
Sean Soto,57,Conservative,2711613,22,54,24,7.83,Long-Term Growth
Brian Berg,54,Conservative,4935100,29,52,19,12.84,Portfolio Diversification
Billy Fisher,30,Conservative,2529216,20,58,22,9.02,Capital Appreciation
Danielle Wilson,41,Aggressive,1450038,93,11,-4,13.4,Balanced Income
Jody Johnson,43,Aggressive,2565734,87,14,-1,9.7,Long-Term Growth
Emily Boone DDS,54,Conservative,1633767,35,46,19,14.9,Wealth Expansion
Joshua Mitchell,40,Conservative,3578421,40,43,17,4.63,Retirement Planning
Lee Hart,41,Moderate,4986644,60,26,14,10.92,Long-Term Growth
Charles Chen,29,Moderate,2864328,65,37,-2,6.96,Long-Term Growth
Nathan Good,26,Conservative,1876838,39,53,8,6.63,Wealth Expansion
Evan Cook,73,Conservative,1283193,26,54,20,5.39,Capital Appreciation
Dwayne Williams,50,Moderate,4931156,63,29,8,17.06,Capital Appreciation
Alexander Oliver,66,Conservative,1562390,22,60,18,17.26,Retirement Planning
Robert Houston,31,Moderate,2017459,51,32,17,13.92,Education Planning
Kathleen Nguyen,25,Aggressive,1538459,77,17,6,16.11,Passive Income
Alexander Snyder,55,Aggressive,1071335,95,5,0,5.76,Portfolio Diversification
Susan Palmer,44,Aggressive,1134451,79,16,5,13.54,Balanced Income
Christopher Roberts,62,Aggressive,3529568,75,10,15,10.15,Capital Appreciation
Marissa Calderon,34,Conservative,1724017,32,51,17,12.19,Retirement Planning
Stephanie Cunningham,47,Moderate,2932158,54,36,10,5.31,Long-Term Growth
Chad Horton,26,Aggressive,1171827,84,14,2,7.64,Portfolio Diversification
Jared Lambert,38,Conservative,785684,37,51,12,7.02,Balanced Income
Bryan Camacho,52,Conservative,2720448,31,41,28,8.07,Passive Income
Karen Rivera,71,Conservative,2541839,34,59,7,7.27,Balanced Income
Justin Good,38,Moderate,4173706,51,30,19,12.83,Balanced Income
Dana Cole,54,Moderate,2385796,52,32,16,17.31,Passive Income
Jacob Daniels,37,Conservative,3505350,35,41,24,12.4,Capital Appreciation
Jeffery Fletcher,30,Conservative,3850757,34,41,25,10.71,Education Planning
James Howard,69,Conservative,3160148,30,48,22,7.61,Wealth Expansion
Robin Lynch,49,Moderate,1450655,52,30,18,15.04,Capital Appreciation
Juan Doyle,32,Moderate,2711391,58,35,7,5.51,Wealth Expansion
Johnny Kennedy,48,Conservative,2492743,37,57,6,4.49,Balanced Income
Monica Davis,67,Conservative,3751965,40,41,19,17.11,Education Planning
Julia Mathews,35,Moderate,3990472,68,21,11,7.91,Education Planning
Suzanne Jones,66,Aggressive,2580875,89,17,-6,7.97,Passive Income
Anthony Norman,67,Moderate,1457480,70,31,-1,11.93,Long-Term Growth
Dawn Suarez,53,Moderate,4922186,63,31,6,4.62,Retirement Planning
Alyssa Fletcher,66,Aggressive,4768038,94,13,-7,9.27,Balanced Income
Rebecca Fields,62,Aggressive,838268,85,15,0,9.49,Portfolio Diversification
Amber Berger,75,Moderate,3429126,58,38,4,13.91,Wealth Expansion
Jennifer Thompson,71,Aggressive,3026093,83,11,6,7.49,Passive Income
Jennifer Rivera,37,Conservative,4766899,34,40,26,14.64,Balanced Income
Andrew Willis,50,Aggressive,1206364,78,5,17,15.24,Wealth Expansion
Timothy Howard,56,Conservative,2250670,34,42,24,13.71,Education Planning
Nancy Young,44,Aggressive,3864018,85,15,0,17.25,Education Planning
Ethan James,52,Conservative,138208,26,51,23,5.6,Passive Income
Richard Clark,66,Conservative,4377880,22,48,30,17.52,Education Planning
Jon Floyd,48,Moderate,3973653,67,26,7,10.34,Portfolio Diversification
Chelsea Cox,30,Conservative,1854569,34,45,21,4.79,Passive Income
Christina Jenkins,38,Aggressive,3009629,77,14,9,6.3,Passive Income
Alexander Rodriguez,56,Aggressive,2487943,87,12,1,16.79,Education Planning
Anthony Harrington,72,Aggressive,631658,79,13,8,5.13,Retirement Planning
Samantha Potter,48,Moderate,4023324,55,25,20,9.64,Wealth Expansion
Heather Martin,53,Moderate,3899662,63,23,14,15.53,Balanced Income
Melissa Manning,48,Conservative,2192719,28,47,25,16.04,Passive Income
Brooke West,56,Aggressive,1214433,92,19,-11,15.77,Passive Income
Jennifer Bond,73,Conservative,1084690,30,46,24,17.33,Education Planning
Michelle Nelson,43,Moderate,487723,52,33,15,13.58,Capital Appreciation
William Kim,45,Moderate,1264255,51,27,22,11.14,Passive Income
Douglas Brown,58,Moderate,1362544,59,31,10,10.44,Balanced Income
Matthew Russell,68,Aggressive,1391677,87,17,-4,12.99,Passive Income
Virginia Tran,35,Moderate,1657069,54,36,10,5.89,Education Planning
Joshua Woods,53,Moderate,4703577,51,37,12,7.51,Long-Term Growth
Kayla Wright,33,Aggressive,1403214,91,12,-3,13.19,Long-Term Growth
Crystal Flores,35,Moderate,3688168,53,24,23,6.91,Wealth Expansion
Mary Jarvis,42,Conservative,4362069,21,58,21,8.19,Retirement Planning
Steven Castillo,71,Conservative,1565899,20,54,26,12.72,Portfolio Diversification
Nicole Reynolds,54,Conservative,2858431,20,60,20,7.85,Portfolio Diversification
Richard Nelson,52,Moderate,977833,53,27,20,14.91,Passive Income
Laura Grant,36,Conservative,4316602,26,49,25,16.5,Balanced Income
Logan Martin,52,Moderate,1136939,67,37,-4,6.68,Passive Income
Christopher David,33,Conservative,4426113,31,42,27,13.79,Long-Term Growth
Patrick Gilbert,50,Aggressive,1381742,77,19,4,9.89,Retirement Planning
Kelly Jones,27,Moderate,3304489,63,20,17,13.31,Passive Income
Scott Kim,37,Aggressive,1588692,75,9,16,8.2,Retirement Planning
Adam Bruce,41,Conservative,3461013,33,43,24,15.06,Balanced Income
Brenda Morales,56,Moderate,599322,64,22,14,12.0,Passive Income
Nancy Stanley,65,Aggressive,2434373,86,11,3,10.27,Wealth Expansion
Jennifer Flores,36,Aggressive,4436476,78,6,16,15.36,Capital Appreciation
Joshua Underwood,25,Conservative,2311135,25,46,29,8.04,Portfolio Diversification
Matthew Johnson,41,Moderate,3192749,68,26,6,16.61,Wealth Expansion
Jacob Wilson,74,Aggressive,901589,84,20,-4,15.01,Long-Term Growth
Melissa Brooks,32,Moderate,2306431,64,37,-1,5.72,Education Planning
Scott Sanders,64,Conservative,4251806,30,60,10,17.32,Passive Income
Curtis Price,42,Moderate,160402,67,30,3,8.61,Retirement Planning
Kari Lee,32,Conservative,4054445,39,42,19,13.56,Capital Appreciation
Mr. Maurice Aguilar,56,Conservative,2374841,36,49,15,13.74,Long-Term Growth
Clifford Hernandez MD,70,Conservative,1677535,27,47,26,10.4,Balanced Income
Erica Hopkins,26,Aggressive,2279919,86,15,-1,9.48,Long-Term Growth
Jerry Phillips,27,Conservative,2151544,35,51,14,13.47,Passive Income
Robert Palmer,74,Conservative,2604320,28,48,24,15.84,Portfolio Diversification
Ashley Gordon,37,Aggressive,4087198,91,14,-5,7.21,Balanced Income
Theodore Meadows,29,Aggressive,4447806,78,5,17,8.46,Retirement Planning
Monica Martinez,45,Aggressive,1135736,75,13,12,17.39,Balanced Income
Paul Williams,56,Moderate,1435725,69,38,-7,8.94,Retirement Planning
Natalie Garcia,29,Conservative,4281311,34,60,6,7.48,Portfolio Diversification
Pamela Clark,56,Moderate,3893995,66,24,10,14.52,Retirement Planning
Sarah Barnes,28,Moderate,2054416,68,40,-8,9.69,Passive Income
Anthony Wells,26,Aggressive,2490516,79,12,9,7.0,Passive Income
Michael Grant,67,Conservative,2427117,29,54,17,9.88,Balanced Income
James Jensen,72,Aggressive,3495639,80,8,12,5.7,Portfolio Diversification
Lisa Montes,63,Aggressive,4296919,76,16,8,6.99,Portfolio Diversification
Joy Carlson,34,Aggressive,4709815,89,20,-9,16.57,Retirement Planning
Victor Kline,68,Aggressive,3214835,85,18,-3,4.84,Education Planning
Rebecca Swanson,40,Aggressive,2438705,89,12,-1,11.83,Capital Appreciation
Stacy Dominguez,49,Moderate,2436332,67,32,1,7.55,Wealth Expansion
John Johnson,72,Conservative,3495317,36,59,5,16.85,Portfolio Diversification
Heather Vaughn,62,Aggressive,1569244,80,19,1,9.04,Education Planning
Eric Suarez,61,Aggressive,3967302,76,17,7,4.28,Portfolio Diversification
Joseph Torres,55,Aggressive,4074707,88,10,2,4.55,Long-Term Growth
Lindsey Williamson,61,Moderate,3019016,50,37,13,16.5,Capital Appreciation
Jennifer Lopez,47,Aggressive,4716321,81,5,14,17.92,Long-Term Growth
Ms. Kendra Clark,56,Aggressive,132106,84,13,3,7.23,Education Planning
Kenneth Jenkins,74,Aggressive,817161,81,8,11,12.26,Balanced Income
Kristy Griffith,30,Aggressive,4497518,82,6,12,16.62,Education Planning
Jeremy Gonzalez,57,Conservative,2696423,35,40,25,9.1,Passive Income
Chad Williams,69,Moderate,1375713,61,36,3,9.81,Passive Income
Michael Ray,66,Moderate,2751078,67,40,-7,5.41,Portfolio Diversification
Candice Brown,71,Moderate,2658775,67,23,10,7.88,Education Planning
Vincent Stevenson,56,Conservative,3082181,37,55,8,13.83,Education Planning
Tina Ritter,70,Moderate,3272267,58,35,7,11.2,Education Planning
Elizabeth Frey,75,Aggressive,138619,77,12,11,4.65,Long-Term Growth
Molly Adams,49,Aggressive,2118690,83,15,2,7.92,Education Planning
Ronald Summers PhD,25,Moderate,356424,57,30,13,9.14,Education Planning
Frederick Jones,32,Moderate,1138226,64,22,14,12.03,Portfolio Diversification
Jamie Charles,51,Moderate,2028086,66,24,10,8.18,Passive Income
Gina Thomas,44,Conservative,1253201,23,41,36,8.74,Education Planning
Juan Rogers,59,Aggressive,942412,88,15,-3,10.38,Education Planning
Stephen Perez,62,Moderate,1214867,56,26,18,17.26,Passive Income
Julie Bailey,50,Moderate,599313,63,26,11,7.93,Portfolio Diversification
Lisa Wilson,68,Aggressive,4158554,79,8,13,14.55,Education Planning
Todd Gray,34,Moderate,1727783,59,20,21,15.38,Retirement Planning
Misty Lopez,73,Aggressive,747498,81,14,5,6.02,Capital Appreciation
Alejandro Curtis,65,Conservative,3302996,26,48,26,11.86,Balanced Income
Andrew Nguyen,54,Conservative,4447100,27,56,17,7.02,Passive Income
Marcia King,60,Moderate,247134,56,20,24,14.32,Passive Income
Jesse Rose,66,Aggressive,3241520,83,7,10,12.83,Education Planning
Lance Meyer,32,Conservative,1338693,38,43,19,12.02,Retirement Planning
Jonathan Lynn,68,Aggressive,821042,75,6,19,14.24,Capital Appreciation
Robert Turner,49,Conservative,631613,21,46,33,5.34,Passive Income
Kyle Sweeney,75,Moderate,4010728,70,34,-4,6.15,Wealth Expansion
Jason Valenzuela,64,Aggressive,4252178,92,20,-12,13.57,Retirement Planning
Johnny Sullivan,36,Conservative,2058087,22,43,35,16.65,Wealth Expansion
Erica Hernandez,46,Aggressive,2745258,85,18,-3,17.92,Balanced Income
Alicia Jones,28,Aggressive,1321779,95,10,-5,11.29,Balanced Income
Alexandra Wright,65,Conservative,3970430,25,47,28,6.26,Balanced Income
Derek Horton,62,Aggressive,1921921,85,17,-2,17.76,Retirement Planning
Lawrence Mcdonald,45,Moderate,3128657,56,30,14,4.86,Passive Income
Megan Brown,74,Moderate,318705,59,29,12,17.97,Retirement Planning
Dana Cruz,44,Moderate,3582648,67,36,-3,9.34,Wealth Expansion
Pamela Vaughn,40,Conservative,2318292,22,41,37,13.4,Capital Appreciation
Jesse Roberts,53,Conservative,753200,34,50,16,16.92,Passive Income
Alexander Sparks,62,Moderate,3344892,70,28,2,17.97,Balanced Income
Stephanie Perry,47,Aggressive,1706539,76,17,7,7.16,Balanced Income
Ronald Calderon,66,Moderate,884271,62,35,3,12.47,Capital Appreciation
Jean Cole,75,Conservative,254165,28,40,32,6.52,Capital Appreciation
Crystal Gonzalez,29,Aggressive,2706115,85,13,2,11.94,Capital Appreciation
Nicole Henderson,73,Aggressive,2434671,92,5,3,13.17,Wealth Expansion
Ashley Rosario,65,Aggressive,3434693,87,5,8,12.41,Passive Income
Amanda Lee,29,Conservative,3321363,25,54,21,13.67,Passive Income
Christina Moore,67,Moderate,1566129,54,38,8,12.94,Wealth Expansion
William Reid,53,Aggressive,3802490,76,9,15,10.0,Education Planning
Karen Newman,58,Aggressive,2311773,93,13,-6,14.0,Portfolio Diversification
Brooke Skinner,28,Moderate,1930213,61,38,1,9.47,Education Planning
Peggy Allison,37,Moderate,4575319,69,27,4,16.77,Capital Appreciation
Mrs. Lisa Ray,61,Aggressive,4944620,83,5,12,16.07,Balanced Income
Daniel Wood,29,Aggressive,4471250,84,19,-3,14.96,Retirement Planning
Kenneth Long,47,Conservative,2288593,33,52,15,11.44,Portfolio Diversification
Kevin Johnson,52,Moderate,3184048,64,34,2,6.44,Wealth Expansion
Jordan Gonzales,72,Conservative,3085155,21,58,21,9.46,Passive Income
Savannah Evans,30,Moderate,567089,67,36,-3,10.45,Capital Appreciation
Dennis Ramirez,38,Aggressive,4692392,87,10,3,5.62,Long-Term Growth
Jessica Harris DDS,66,Conservative,4176670,22,41,37,6.15,Passive Income
Ariel Wilson,50,Conservative,4567669,39,46,15,12.64,Balanced Income
Curtis Kelly,30,Conservative,2022063,34,51,15,4.36,Retirement Planning
Joe Davis,34,Conservative,1454709,26,55,19,14.52,Portfolio Diversification
Ryan Webb,69,Moderate,2529058,54,35,11,12.65,Passive Income
Heidi Barron,48,Conservative,3475555,22,54,24,17.67,Retirement Planning
Leslie Keller,58,Moderate,4809480,59,35,6,17.7,Portfolio Diversification
Danielle Wood,28,Aggressive,2763248,95,8,-3,9.53,Passive Income
William Gomez,53,Aggressive,3991938,85,7,8,14.87,Long-Term Growth
Elizabeth Trujillo,67,Moderate,3838011,51,38,11,4.23,Education Planning
Kathleen Chavez,55,Conservative,1975310,37,53,10,16.17,Portfolio Diversification
Andrea Turner,48,Conservative,3291936,22,40,38,11.37,Retirement Planning
Jasmine Smith,30,Conservative,2871125,34,45,21,6.47,Balanced Income
Tammy Perry,46,Aggressive,4410538,89,6,5,17.3,Capital Appreciation
Jessica Willis,51,Moderate,2907714,59,25,16,17.58,Education Planning
Dylan Davis,48,Aggressive,2452649,84,9,7,5.35,Balanced Income
Cassie Charles,48,Conservative,1616836,40,58,2,14.41,Capital Appreciation
Latasha Clark,35,Conservative,2327977,40,45,15,13.21,Capital Appreciation
Nicole Simmons,68,Conservative,1930210,30,51,19,10.01,Portfolio Diversification
Scott Jarvis,27,Conservative,4525714,26,41,33,12.09,Wealth Expansion
David Murillo,72,Conservative,1898730,23,48,29,6.89,Portfolio Diversification
Heather Wang,28,Moderate,798705,61,34,5,5.42,Long-Term Growth
Donald Hall,31,Conservative,1778225,36,58,6,16.58,Balanced Income
Kevin Ramos,74,Conservative,145725,32,42,26,14.8,Capital Appreciation
Scott Palmer,58,Aggressive,749584,83,15,2,6.77,Capital Appreciation
Stephanie Lee,33,Conservative,3684434,23,43,34,9.74,Portfolio Diversification
Mark Grant,29,Aggressive,766780,90,18,-8,17.17,Long-Term Growth
Jessica Russell,28,Moderate,4554596,69,29,2,11.51,Retirement Planning
Deborah Montgomery,69,Aggressive,4244013,84,13,3,16.99,Wealth Expansion
Jason Long,36,Aggressive,1978311,95,11,-6,14.81,Capital Appreciation
William Boyd,57,Aggressive,1848083,77,20,3,5.9,Portfolio Diversification
Joyce Jones,59,Conservative,551689,32,60,8,10.35,Retirement Planning
Kelly Lopez,25,Moderate,2316273,57,27,16,16.03,Capital Appreciation
Zachary Miles,42,Conservative,943810,27,52,21,4.17,Wealth Expansion
Cassie Jackson,63,Conservative,3517404,38,43,19,9.02,Capital Appreciation
Edward Miller,28,Moderate,4364543,65,23,12,14.59,Wealth Expansion
Stacey Walker,69,Aggressive,1831123,89,15,-4,11.76,Portfolio Diversification
Ryan Barton,32,Conservative,494009,31,56,13,15.46,Balanced Income
Victor Macias,52,Aggressive,2667874,90,14,-4,7.32,Education Planning
Steven Smith,27,Conservative,1197117,27,44,29,8.23,Wealth Expansion
Teresa Moreno,47,Aggressive,3555513,78,9,13,10.48,Long-Term Growth
Katie Harrison,51,Conservative,1826465,29,47,24,5.87,Passive Income
Shelby Anderson,34,Moderate,1475009,70,25,5,9.54,Wealth Expansion
Benjamin Nichols Jr.,26,Conservative,2702739,33,49,18,10.43,Retirement Planning
Cassandra Burgess,66,Moderate,1381533,70,33,-3,6.44,Balanced Income
Jason Newman,29,Moderate,3683312,56,21,23,5.95,Long-Term Growth
Justin Martin,59,Conservative,1927969,20,58,22,7.36,Long-Term Growth
Tina Wright,65,Moderate,2992885,59,22,19,13.8,Education Planning
Mark Beltran,44,Aggressive,4561451,91,14,-5,14.09,Passive Income
Kelly Price,48,Conservative,3115335,26,53,21,17.51,Wealth Expansion
Rebecca Smith,64,Aggressive,1895731,94,10,-4,12.76,Wealth Expansion
Meghan Ortiz,59,Conservative,3617577,32,47,21,6.21,Capital Appreciation
Christine Henderson,39,Moderate,2214223,62,30,8,5.9,Wealth Expansion
Rebekah Oneal,57,Conservative,419679,35,59,6,9.35,Balanced Income
Heather Martinez,48,Moderate,754868,56,21,23,9.63,Balanced Income
Kenneth Wu,44,Conservative,1038135,34,60,6,11.04,Balanced Income
Carla Kelly,47,Moderate,3473844,52,35,13,17.97,Retirement Planning
Sarah Hancock,69,Conservative,1249356,36,46,18,11.71,Portfolio Diversification
Gabriel Ellis,47,Conservative,763823,32,59,9,16.52,Long-Term Growth
Shelby Olson,41,Conservative,3865638,32,56,12,11.12,Portfolio Diversification
Darius Mathis,38,Aggressive,244789,88,18,-6,16.82,Education Planning
Jorge Brown,46,Conservative,3240788,40,52,8,12.08,Education Planning
Mark Lawrence,63,Conservative,1649596,22,50,28,12.69,Wealth Expansion
Johnny Thompson,50,Aggressive,729056,93,5,2,5.31,Wealth Expansion
Anthony Stewart,43,Aggressive,2458034,75,6,19,8.46,Capital Appreciation
Desiree Terrell,34,Conservative,3948983,36,45,19,8.71,Retirement Planning
Robert Mendoza,58,Moderate,4348876,65,37,-2,14.11,Retirement Planning
Sierra Frazier,32,Conservative,372536,23,52,25,17.32,Passive Income
Amber Scott,66,Aggressive,3594075,75,9,16,10.36,Retirement Planning
Allison Calderon,50,Aggressive,3472657,86,16,-2,15.39,Capital Appreciation
Anna Reed,32,Aggressive,1643881,80,13,7,12.48,Capital Appreciation
Paul Chambers,58,Conservative,4606473,40,56,4,10.11,Long-Term Growth
Brianna Ward,71,Conservative,2780938,28,60,12,7.83,Balanced Income
William Hall,52,Conservative,779244,29,50,21,5.04,Capital Appreciation
Elizabeth Kirk,66,Moderate,4341830,63,20,17,14.76,Wealth Expansion
Marc Ortiz,58,Aggressive,1074655,86,9,5,17.06,Balanced Income
Nancy Rodriguez,59,Conservative,4296283,34,49,17,13.93,Balanced Income
Jeremy Robinson,63,Aggressive,2621291,89,10,1,8.57,Balanced Income
Jasmine Williams,68,Moderate,1683929,56,36,8,17.98,Passive Income
Hannah Valencia,44,Aggressive,4227604,85,17,-2,14.61,Wealth Expansion
Andrew Torres,33,Aggressive,3020841,95,6,-1,8.33,Capital Appreciation
Michael Stone,51,Aggressive,289138,76,20,4,4.74,Capital Appreciation
Nicole Hernandez,41,Moderate,3080593,60,21,19,6.49,Balanced Income
Charles Cisneros,49,Aggressive,1978982,81,17,2,5.87,Passive Income
Dale Sheppard,43,Conservative,1182919,38,57,5,14.33,Balanced Income
Timothy Curry,27,Aggressive,1260291,83,6,11,15.43,Passive Income
Jennifer Schmitt,43,Aggressive,3329976,81,5,14,12.81,Passive Income
Lisa Castillo,28,Aggressive,3820838,86,20,-6,5.4,Passive Income
Alexander Cline,56,Aggressive,2031213,77,11,12,12.71,Retirement Planning
Sarah James,30,Moderate,3181102,63,27,10,7.49,Wealth Expansion
Marissa Parker,63,Conservative,2021543,35,41,24,13.94,Balanced Income
Isaiah Kelley,46,Conservative,1064953,36,45,19,16.76,Balanced Income
Taylor Daniel,72,Conservative,2799205,26,49,25,5.84,Portfolio Diversification
Crystal Evans,34,Moderate,2891675,52,32,16,4.74,Passive Income
Beth Henson,28,Aggressive,3625714,87,5,8,10.4,Retirement Planning
Janet Moore,25,Moderate,3017639,67,22,11,15.63,Portfolio Diversification
Daniel Mills,34,Conservative,3347641,32,47,21,15.84,Long-Term Growth
Nancy Coleman,40,Conservative,2789522,27,53,20,7.53,Passive Income
Peggy Christensen,39,Aggressive,4143451,75,15,10,4.14,Long-Term Growth
Lauren Lloyd,40,Moderate,4503733,57,26,17,12.22,Passive Income
Elizabeth Martin,31,Aggressive,3626102,75,15,10,12.24,Portfolio Diversification
Tonya Nixon,52,Aggressive,2454008,85,6,9,5.05,Passive Income
Chelsea Mullins,45,Aggressive,3215847,87,6,7,16.13,Portfolio Diversification
Brandon Irwin,40,Conservative,1666136,24,55,21,8.42,Wealth Expansion
Darrell Phillips,43,Aggressive,3824383,92,10,-2,11.79,Education Planning
Ashley May,45,Aggressive,2741534,95,18,-13,7.83,Portfolio Diversification
Vernon Martinez,68,Conservative,3078234,26,49,25,12.31,Long-Term Growth
Rachel Gregory,30,Moderate,3449343,59,39,2,4.57,Balanced Income
Robin Crane,62,Moderate,240117,53,23,24,4.95,Wealth Expansion
Shannon Chung,32,Moderate,1016831,69,38,-7,11.32,Retirement Planning
Travis Walker,73,Moderate,4793669,67,29,4,17.89,Education Planning
Douglas Saunders,36,Moderate,4774879,63,25,12,12.82,Capital Appreciation
Grant Flores,71,Aggressive,1491979,95,16,-11,4.95,Wealth Expansion
Morgan Nelson,57,Conservative,2320191,33,41,26,14.79,Education Planning
Tony Chavez,71,Aggressive,3256269,85,16,-1,9.91,Long-Term Growth
Jenny Wells,70,Moderate,1916853,61,39,0,4.86,Balanced Income
Sharon Marshall,42,Conservative,990504,34,40,26,4.88,Retirement Planning
Michael Velasquez,66,Aggressive,3645565,82,19,-1,9.6,Wealth Expansion
Michael Lucas,36,Moderate,2850720,62,31,7,15.64,Long-Term Growth
Terri Monroe,32,Aggressive,263880,84,7,9,10.05,Capital Appreciation
Daniel Santiago,28,Conservative,2703796,37,55,8,17.92,Capital Appreciation
Anthony Stone,74,Aggressive,973007,93,20,-13,11.66,Capital Appreciation
Timothy Hood,59,Aggressive,1008793,94,5,1,11.42,Wealth Expansion
Kelly Weber,37,Conservative,608747,29,45,26,17.4,Capital Appreciation
Raymond Burgess,68,Moderate,4677024,53,28,19,15.89,Capital Appreciation
Jennifer Myers,74,Conservative,3710662,29,55,16,17.39,Balanced Income
Maria Farley,60,Aggressive,642863,76,15,9,8.76,Long-Term Growth
Elizabeth Bradley,68,Moderate,550751,60,24,16,15.74,Passive Income
Daniel Mitchell,66,Aggressive,4279340,75,15,10,9.85,Long-Term Growth
Rachel Pacheco,58,Conservative,744694,27,60,13,10.99,Passive Income
Michael Sullivan,48,Aggressive,3078927,85,6,9,8.7,Capital Appreciation
Kaylee Kelly,73,Aggressive,4847046,75,5,20,11.83,Long-Term Growth
Dawn Stephens,36,Conservative,1765246,25,43,32,16.92,Wealth Expansion
Angela Anderson,65,Conservative,697043,31,49,20,5.09,Portfolio Diversification
Thomas Vargas,51,Aggressive,3161899,78,9,13,14.6,Education Planning
William Martin,74,Aggressive,4518579,95,7,-2,16.06,Retirement Planning
Bethany Tucker,56,Moderate,715126,52,33,15,5.62,Education Planning
Robert Fletcher,62,Aggressive,2656729,76,14,10,4.36,Portfolio Diversification
Michael Cruz,30,Aggressive,741229,81,7,12,6.02,Portfolio Diversification
John Hunter,64,Conservative,3588049,38,54,8,8.76,Capital Appreciation
Bryan Mckinney,29,Moderate,1713178,70,37,-7,12.62,Capital Appreciation
Jesus Erickson,57,Aggressive,3891685,81,12,7,4.97,Capital Appreciation
Patricia Davis DVM,33,Moderate,527329,65,26,9,9.46,Portfolio Diversification
Tina Peterson,28,Aggressive,4393590,79,12,9,5.99,Retirement Planning
Mike Walker,53,Moderate,2242153,69,34,-3,14.32,Capital Appreciation
James Lawson,27,Moderate,3462891,53,27,20,17.32,Capital Appreciation
Christopher Lucas,38,Moderate,2560018,64,30,6,4.59,Retirement Planning
Melanie Klein,36,Conservative,3984725,26,48,26,7.76,Portfolio Diversification
Melvin Evans,74,Conservative,4760176,39,56,5,9.63,Balanced Income
Katrina Turner,52,Moderate,4017434,63,38,-1,9.5,Portfolio Diversification
Sydney Harris,59,Aggressive,2915379,85,13,2,13.95,Education Planning
Tyler Wagner,30,Conservative,1208926,40,59,1,17.12,Passive Income
Samantha Clements,25,Moderate,1129752,69,30,1,6.86,Balanced Income
Keith Anderson DDS,62,Aggressive,206485,83,19,-2,16.21,Wealth Expansion
Richard Jimenez,43,Conservative,1083486,33,60,7,17.49,Capital Appreciation
Edward Hall,49,Conservative,1117274,29,60,11,8.19,Long-Term Growth
Dr. Donna Watson,64,Conservative,185925,40,43,17,4.38,Wealth Expansion
Curtis Phillips,67,Moderate,4187470,50,20,30,7.55,Portfolio Diversification
David Serrano,29,Conservative,2790342,25,47,28,8.8,Education Planning
Brian Gregory,49,Aggressive,2042579,82,12,6,10.81,Retirement Planning
Christopher Townsend,58,Conservative,4801499,25,53,22,10.98,Education Planning
Jennifer Clark,69,Conservative,3361759,22,48,30,12.3,Education Planning
Jose Park,50,Moderate,4294176,67,33,0,15.13,Long-Term Growth
David Martin,61,Conservative,2054996,26,48,26,8.01,Portfolio Diversification
Rhonda Burns,62,Aggressive,2279331,92,16,-8,12.15,Balanced Income
Martin Hamilton,53,Moderate,282921,53,36,11,16.65,Balanced Income
Darlene Smith,48,Conservative,2514230,36,46,18,9.75,Education Planning
Frank Lawrence,25,Moderate,3436269,60,23,17,10.2,Capital Appreciation
Patrick Chavez,45,Moderate,4166139,50,34,16,5.24,Balanced Income
Albert Woodard,32,Conservative,561363,21,46,33,15.82,Balanced Income
Jason Smith,36,Aggressive,180978,83,16,1,4.27,Passive Income
Sarah Stafford,33,Aggressive,2526243,79,6,15,13.62,Capital Appreciation
John Harris,36,Moderate,1880783,55,25,20,17.46,Capital Appreciation
Ashley Baker,56,Aggressive,1149820,81,14,5,9.36,Balanced Income
Amanda Munoz,41,Moderate,3990552,62,21,17,15.98,Passive Income
Erika Rosario,69,Conservative,739355,25,60,15,5.05,Capital Appreciation
Christopher Preston,41,Conservative,3526559,21,41,38,12.92,Passive Income
Matthew Garcia,28,Aggressive,3217960,90,18,-8,10.87,Wealth Expansion
Alexandra Irwin,73,Moderate,2902123,55,25,20,5.13,Passive Income
Charles Walton,66,Conservative,3887627,23,47,30,15.65,Portfolio Diversification
Melanie Lawrence,42,Conservative,1225584,35,43,22,11.89,Long-Term Growth
David Cox,30,Moderate,2402791,63,26,11,7.18,Passive Income
Joshua Evans,25,Aggressive,2528046,85,12,3,6.93,Portfolio Diversification
Angelica Tapia,27,Moderate,4061228,62,34,4,17.68,Education Planning
Jodi Cochran,35,Aggressive,2874278,91,12,-3,16.73,Education Planning
Richard Mcneil,34,Moderate,3445244,53,29,18,7.5,Long-Term Growth
John Thomas,46,Moderate,1448617,59,40,1,11.9,Portfolio Diversification
Tyler Stephens,74,Moderate,4836471,70,24,6,14.86,Portfolio Diversification
Laurie Cruz,25,Aggressive,2641726,79,9,12,14.28,Retirement Planning
Kelli Mills,50,Moderate,113310,63,28,9,16.71,Long-Term Growth
Krista Riley,67,Conservative,723218,27,50,23,14.12,Wealth Expansion
Ashley Roach,31,Aggressive,3693418,78,17,5,8.82,Portfolio Diversification
Andrea York,54,Moderate,1812248,65,38,-3,8.64,Passive Income
Crystal Brown,63,Conservative,659146,27,51,22,6.74,Long-Term Growth
Sandra Mcdowell,55,Moderate,3281070,70,29,1,13.53,Education Planning
Marc Wilson,75,Moderate,2219171,51,36,13,10.37,Long-Term Growth
Cheryl James,72,Conservative,3974866,26,51,23,8.68,Retirement Planning
Bryce Lee,46,Conservative,2837748,33,44,23,11.44,Retirement Planning
Abigail Lee,36,Moderate,1822156,51,39,10,13.81,Portfolio Diversification
Angela Jones,60,Conservative,4611518,31,49,20,9.5,Portfolio Diversification
Sergio Leon,58,Aggressive,2291434,92,7,1,12.08,Wealth Expansion
Alicia Gross,69,Conservative,3102178,34,47,19,12.12,Balanced Income
Joshua Parker,42,Conservative,1751378,37,42,21,9.09,Capital Appreciation
Denise Hill,60,Conservative,1223862,36,58,6,10.47,Balanced Income
John Rasmussen,63,Moderate,3266853,69,28,3,17.4,Wealth Expansion
Christopher Guzman,70,Aggressive,2362953,83,13,4,13.98,Wealth Expansion
Amy Brooks,55,Moderate,2294435,55,40,5,16.44,Retirement Planning
Diane Houston,62,Conservative,3477681,20,58,22,12.03,Retirement Planning
Jasmine Smith,70,Moderate,4246607,54,38,8,11.36,Passive Income
Anita Gilbert,53,Moderate,3829724,62,29,9,5.9,Capital Appreciation
Danielle Farmer,68,Aggressive,1618597,88,5,7,11.9,Retirement Planning
Michael Hanna,59,Conservative,1251584,21,52,27,5.27,Wealth Expansion
Leah Castillo,41,Conservative,4936413,23,55,22,5.49,Portfolio Diversification
Samantha Mullins,46,Conservative,3477463,22,45,33,8.18,Retirement Planning
Jason Washington,25,Aggressive,1426452,76,18,6,8.27,Capital Appreciation
Anthony Walker,73,Moderate,2013307,60,39,1,17.61,Portfolio Diversification
David Gonzalez,64,Moderate,3118734,67,23,10,16.47,Long-Term Growth
Robert Duke,31,Aggressive,142744,93,13,-6,5.75,Balanced Income
Margaret Bell,32,Aggressive,3805841,92,13,-5,16.69,Long-Term Growth
Michael Morton,61,Conservative,3850246,21,59,20,14.4,Long-Term Growth
Evan Oneal,29,Aggressive,360113,87,11,2,8.23,Capital Appreciation
Larry Gibson,57,Aggressive,2464715,87,11,2,17.08,Portfolio Diversification
Keith Cherry,37,Aggressive,881503,84,9,7,13.2,Portfolio Diversification
Kimberly Rogers,64,Aggressive,4456710,90,16,-6,16.03,Balanced Income
Jay Russo,65,Conservative,2544704,23,56,21,10.17,Retirement Planning
Donna Johnson,34,Conservative,915527,26,47,27,5.27,Education Planning
Jonathan Barber,51,Aggressive,4970862,77,7,16,15.47,Retirement Planning
Jimmy Moore,50,Aggressive,3119824,91,10,-1,16.86,Wealth Expansion
Christy Lopez,74,Moderate,2487075,67,34,-1,4.65,Portfolio Diversification
Kelly Mack,65,Moderate,1644404,67,32,1,15.08,Long-Term Growth
Bonnie Vaughn,71,Conservative,998113,34,46,20,7.17,Portfolio Diversification
Michael Mcdonald,69,Aggressive,3508631,81,18,1,14.37,Long-Term Growth
Sarah Harris,42,Moderate,1595900,54,21,25,10.28,Balanced Income
Kylie Villanueva,59,Conservative,3516966,20,42,38,6.99,Passive Income
Michele Poole,35,Conservative,1384925,40,53,7,17.34,Balanced Income
Katie Arnold,35,Moderate,495127,56,23,21,12.99,Long-Term Growth
Charles Berry II,62,Moderate,1051371,53,22,25,4.73,Portfolio Diversification
Ross Brown,73,Aggressive,1746769,86,11,3,15.81,Capital Appreciation
Rhonda Patterson,26,Conservative,2697051,39,53,8,11.08,Long-Term Growth
Nicholas Andrews,68,Moderate,4288267,50,36,14,11.65,Long-Term Growth
Adam Robinson,60,Conservative,3249230,22,49,29,6.28,Retirement Planning
Susan Wilson,51,Aggressive,2941094,95,6,-1,4.18,Wealth Expansion
Christopher Archer,50,Conservative,2678087,25,56,19,5.52,Wealth Expansion
Amy Scott,46,Moderate,4630586,63,23,14,15.89,Capital Appreciation
Timothy Harrison,58,Moderate,4580077,57,39,4,13.57,Portfolio Diversification
Julie Farley,57,Moderate,2075448,68,25,7,15.27,Capital Appreciation
Aaron Keller,61,Aggressive,624283,94,17,-11,7.9,Retirement Planning
Alexandra Anderson PhD,50,Aggressive,2463575,87,11,2,8.73,Passive Income
Tina Juarez,55,Moderate,1911623,69,22,9,12.26,Education Planning
Sandra Fisher,41,Moderate,1587840,60,22,18,4.7,Balanced Income
Danielle Gonzalez,32,Conservative,3619290,40,44,16,17.47,Wealth Expansion
Marco Diaz,30,Aggressive,3990956,94,17,-11,15.23,Long-Term Growth
Brett Johnson,36,Conservative,4099435,35,47,18,9.1,Long-Term Growth
Julie Bird,62,Aggressive,1296143,93,18,-11,17.14,Education Planning
Jeffery Mitchell,65,Aggressive,712987,87,7,6,5.39,Retirement Planning
David Bishop,61,Aggressive,3864234,76,20,4,8.43,Balanced Income
Wendy Hughes,53,Aggressive,669007,91,11,-2,9.14,Portfolio Diversification
Melanie Liu,37,Aggressive,3121502,75,7,18,17.1,Retirement Planning
Michelle Gould,70,Moderate,343408,62,34,4,10.14,Portfolio Diversification
Emma Rodriguez,39,Aggressive,4940443,86,11,3,4.47,Passive Income
Kimberly Taylor,44,Moderate,2159947,58,35,7,10.37,Long-Term Growth
Peter Hickman,59,Aggressive,3199742,87,16,-3,17.98,Balanced Income
Gabrielle Johnson,49,Aggressive,2238528,75,16,9,7.59,Balanced Income
Eric Rivera,30,Conservative,1481049,33,45,22,6.94,Education Planning
Melissa Sherman,26,Conservative,1389425,28,47,25,5.96,Long-Term Growth
Megan Moreno,40,Aggressive,2888811,92,7,1,15.24,Retirement Planning
Jessica Perry,27,Aggressive,4602914,83,18,-1,8.92,Capital Appreciation
Cassandra Dennis,28,Moderate,4794574,70,32,-2,17.05,Capital Appreciation
Jasmine Fitzgerald,48,Moderate,4324627,65,36,-1,9.79,Wealth Expansion
Terry Peters,62,Moderate,2783557,60,33,7,6.97,Capital Appreciation
Christopher Anderson,73,Moderate,1488461,60,33,7,8.15,Capital Appreciation
Cassandra Salas,54,Conservative,2402367,40,59,1,5.32,Portfolio Diversification
Carlos Ramirez DVM,68,Moderate,2332656,54,33,13,10.2,Passive Income
Pamela Doyle,62,Conservative,1104923,38,49,13,7.58,Capital Appreciation
Richard Rivera,31,Aggressive,4362881,89,12,-1,5.43,Balanced Income
Patrick Levine,40,Conservative,3667017,35,48,17,6.77,Portfolio Diversification
Jason Simmons,56,Aggressive,738042,87,13,0,4.3,Portfolio Diversification
Natasha Pena,43,Aggressive,873954,89,10,1,17.72,Passive Income
Christopher Carrillo,44,Conservative,1762262,26,58,16,8.41,Education Planning
Carly Green,46,Aggressive,1756484,81,7,12,12.32,Passive Income
Deanna Jones,64,Aggressive,603720,86,6,8,4.11,Long-Term Growth
Marcus Gonzales,42,Moderate,3168007,64,32,4,10.83,Capital Appreciation
Joseph Lindsey,51,Conservative,4803274,28,57,15,4.22,Portfolio Diversification
William Lee,49,Moderate,2774998,60,29,11,4.04,Long-Term Growth
Lisa Stevens DVM,34,Aggressive,1899666,81,16,3,13.45,Retirement Planning
Steven Bennett,59,Conservative,1428934,21,54,25,4.17,Portfolio Diversification
Michelle Roberts,62,Aggressive,423068,85,12,3,8.05,Capital Appreciation
Mallory Young,73,Moderate,257175,63,23,14,8.66,Passive Income
Michelle Hubbard,57,Aggressive,4579652,87,18,-5,14.35,Wealth Expansion
Willie Klein,65,Moderate,356278,60,38,2,6.95,Wealth Expansion
Patrick Bennett,68,Moderate,618786,70,33,-3,7.01,Wealth Expansion
David Wood,25,Conservative,2701940,33,56,11,4.45,Education Planning
Joshua Olson,42,Conservative,3988237,21,58,21,10.29,Wealth Expansion
Kenneth Jackson,57,Moderate,3291107,51,33,16,9.74,Wealth Expansion
Mrs. Melissa Robinson,61,Moderate,199777,53,37,10,15.54,Passive Income
Martin Roth,26,Conservative,1560892,38,60,2,17.74,Wealth Expansion
John Dennis,31,Moderate,475386,59,30,11,13.03,Passive Income
Teresa Rodriguez,25,Conservative,2181609,33,56,11,7.66,Retirement Planning
Vanessa Williams,51,Aggressive,1462264,87,5,8,16.33,Portfolio Diversification
Carrie Jackson,52,Conservative,1179086,30,59,11,9.23,Passive Income
Nathan Hickman,60,Conservative,3357691,34,55,11,12.12,Long-Term Growth
Bridget Wagner,30,Moderate,2820843,54,34,12,12.45,Education Planning
Patricia Baker,58,Aggressive,2155396,76,11,13,7.83,Wealth Expansion
Sean Morales,48,Moderate,3419625,60,28,12,10.99,Balanced Income
Savannah Douglas,47,Moderate,4349809,56,35,9,9.38,Retirement Planning
Sylvia Gamble,50,Moderate,4951489,57,27,16,14.01,Wealth Expansion
Catherine Palmer,55,Aggressive,989693,78,17,5,4.22,Portfolio Diversification
Lindsay Ward,63,Conservative,2558529,39,41,20,15.93,Retirement Planning
Alyssa Anderson,41,Conservative,4671937,37,40,23,7.8,Capital Appreciation
Charles Watson,40,Aggressive,2612890,86,18,-4,13.35,Wealth Expansion
Rebecca Thornton,61,Aggressive,1035559,88,16,-4,15.16,Long-Term Growth
Jacob Roberts,49,Conservative,1090934,36,42,22,13.48,Capital Appreciation
Barbara Gonzalez,50,Moderate,2560397,58,29,13,10.87,Education Planning
Alex Weaver,52,Aggressive,3574546,79,18,3,4.96,Passive Income
Jeremy Boyd,35,Aggressive,1714762,92,14,-6,8.31,Capital Appreciation
Miss Melinda Rodriguez,47,Aggressive,4074498,87,11,2,17.41,Balanced Income
Brian Simpson,45,Aggressive,1802347,86,16,-2,9.35,Long-Term Growth
Wesley Lewis,61,Aggressive,1870450,82,9,9,14.93,Long-Term Growth
Randy Anderson,71,Moderate,241278,65,40,-5,13.55,Passive Income
Joshua Brown,52,Conservative,3325082,27,46,27,4.69,Portfolio Diversification
Tammy Jones,36,Conservative,1415642,23,48,29,6.74,Capital Appreciation
Natalie Rodriguez,37,Moderate,2707872,64,27,9,11.69,Portfolio Diversification
Amanda Mitchell,70,Conservative,2387489,38,52,10,16.87,Portfolio Diversification
Jesse Hardy,41,Moderate,1461918,66,35,-1,10.86,Passive Income
Nicholas Lewis,61,Aggressive,2626079,92,9,-1,8.92,Passive Income
Phillip Melendez,51,Aggressive,1986721,83,16,1,10.63,Passive Income
Frederick Johnson,51,Moderate,314387,59,33,8,14.01,Capital Appreciation
John Terrell,63,Aggressive,3677609,92,16,-8,10.4,Balanced Income
Emily Campbell,62,Moderate,3536767,56,39,5,8.91,Long-Term Growth
Heather Gillespie,59,Aggressive,3618439,77,9,14,5.43,Wealth Expansion
Michele Hoover,60,Aggressive,3747053,88,16,-4,10.3,Wealth Expansion
Barbara Velez,28,Conservative,3528410,29,54,17,13.92,Retirement Planning
Theresa Smith,69,Moderate,290168,60,31,9,5.27,Passive Income
Joshua Wade,34,Conservative,3859594,33,43,24,11.46,Retirement Planning
Diamond Brown,33,Conservative,4127003,34,42,24,6.32,Passive Income
Michael Smith,27,Aggressive,824119,81,19,0,4.15,Passive Income
Brandi King,32,Conservative,2933840,20,43,37,9.22,Education Planning
Stephen Frank,53,Conservative,4910874,40,55,5,16.9,Capital Appreciation
Douglas Garcia,29,Moderate,2675570,67,22,11,13.75,Wealth Expansion
Claudia May,31,Aggressive,2215114,86,7,7,17.12,Capital Appreciation
Linda Allen,68,Conservative,516596,36,57,7,10.29,Capital Appreciation
Calvin Avery,36,Aggressive,195211,76,15,9,5.1,Balanced Income
Paula Gray,51,Aggressive,4838124,79,9,12,9.71,Balanced Income
Matthew Poole,31,Aggressive,4430135,78,5,17,7.8,Long-Term Growth
Crystal Ford,29,Moderate,1773660,54,23,23,6.74,Balanced Income
Nicole Hernandez,63,Aggressive,1575169,82,17,1,17.56,Wealth Expansion
Abigail Blake,42,Moderate,1685458,58,28,14,9.73,Wealth Expansion
Christopher Smith,72,Conservative,4632362,34,54,12,13.37,Balanced Income
Zachary Oneal,40,Aggressive,1147732,89,10,1,10.07,Portfolio Diversification
Dustin Buckley,40,Moderate,2260664,59,29,12,16.9,Capital Appreciation
Holly Kennedy,29,Aggressive,3561905,91,7,2,14.31,Education Planning
Reginald Patel,41,Moderate,760407,60,26,14,4.2,Passive Income
Mary Baldwin,60,Moderate,4331750,58,32,10,16.98,Passive Income
Dana Guzman,58,Conservative,176645,26,40,34,10.0,Balanced Income
Joshua Hendricks,49,Conservative,2382816,37,54,9,17.85,Portfolio Diversification
Joseph Mata,44,Aggressive,860797,91,19,-10,11.03,Portfolio Diversification
Joseph Robinson,71,Moderate,2612459,67,22,11,6.95,Balanced Income
Michelle Price,67,Conservative,4103621,20,42,38,7.74,Education Planning
Cesar Torres,61,Moderate,1159869,59,39,2,15.28,Capital Appreciation
Jennifer Phillips,35,Aggressive,603759,78,15,7,15.92,Wealth Expansion
Robert Obrien,30,Conservative,266004,22,51,27,11.33,Portfolio Diversification
Anthony Mills,39,Aggressive,4249809,76,19,5,7.56,Capital Appreciation
Hannah Ayers,35,Aggressive,4522770,75,20,5,12.43,Wealth Expansion
Christina Jones,55,Conservative,1186193,30,56,14,16.5,Long-Term Growth
Lauren Orozco,75,Conservative,2786747,27,58,15,17.32,Retirement Planning
Robert Lee,45,Moderate,4296178,63,30,7,6.96,Balanced Income
Mrs. Tamara Russell MD,36,Moderate,3026642,57,28,15,9.58,Balanced Income
Lindsey Paul,36,Aggressive,1175857,89,20,-9,16.03,Retirement Planning
Daniel Allen,45,Moderate,4251082,50,36,14,13.52,Wealth Expansion
Jeremy Bell,30,Moderate,3655385,56,34,10,8.41,Retirement Planning
Theresa Hayes,63,Conservative,493831,32,56,12,4.49,Education Planning
Aaron Rodriguez,35,Moderate,426660,59,37,4,13.63,Long-Term Growth
Manuel Gutierrez,64,Aggressive,2977637,85,8,7,8.68,Retirement Planning
Angel English,66,Moderate,2796063,68,33,-1,12.68,Education Planning
Sonya Ballard,54,Conservative,1265070,31,49,20,10.06,Long-Term Growth
Willie Lane,53,Conservative,185937,35,41,24,9.08,Capital Appreciation
Amanda Johnson,28,Aggressive,2426048,91,13,-4,7.54,Portfolio Diversification
Denise Mcguire,53,Conservative,2805249,25,53,22,6.36,Wealth Expansion
Mary Curtis,31,Conservative,167520,30,46,24,4.79,Portfolio Diversification
Joyce Williams,67,Aggressive,1852230,94,12,-6,8.4,Portfolio Diversification
Mark Clark,31,Aggressive,4534572,90,8,2,5.87,Balanced Income
Ian Lucas,66,Conservative,2516005,26,56,18,14.17,Long-Term Growth
Michael Greene,40,Moderate,4015656,62,29,9,5.09,Long-Term Growth
Karen Davidson,52,Conservative,2889418,26,50,24,6.73,Long-Term Growth
Joshua Murphy,27,Moderate,2017507,53,23,24,13.13,Long-Term Growth
Carmen Shelton,59,Moderate,1299241,69,36,-5,13.51,Education Planning
Stephen Ellis,31,Aggressive,1348648,81,18,1,5.77,Wealth Expansion
Samantha Warner,69,Aggressive,4738758,93,11,-4,15.67,Retirement Planning
Judy Santos,59,Moderate,3837837,53,37,10,16.45,Portfolio Diversification
Carolyn Summers,32,Conservative,1767631,35,59,6,15.58,Wealth Expansion
Stephen Foley,66,Aggressive,2753669,79,8,13,4.22,Education Planning
Terri Collins,59,Conservative,4121585,27,50,23,15.27,Portfolio Diversification
Catherine Johnson,56,Moderate,1230342,53,28,19,6.19,Passive Income
Caroline Larson,34,Moderate,4206301,51,37,12,8.75,Portfolio Diversification
Victoria Abbott,61,Moderate,2065502,58,35,7,8.42,Retirement Planning
Shawn Mejia,44,Moderate,899408,59,38,3,10.13,Wealth Expansion
Heather Henderson,50,Aggressive,2450248,81,5,14,9.47,Long-Term Growth
Jessica Love,39,Conservative,1809656,33,45,22,8.2,Passive Income
Jeffrey Walker,33,Aggressive,1055641,82,19,-1,15.72,Capital Appreciation
Nicole Washington,48,Conservative,156898,40,44,16,15.4,Wealth Expansion
Julie Gibson,62,Aggressive,2173658,80,6,14,11.02,Passive Income
Priscilla Sanchez,47,Conservative,2370101,22,43,35,16.78,Portfolio Diversification
Amanda Rodriguez,73,Aggressive,4832027,75,20,5,11.99,Education Planning
Tammie Gross,62,Aggressive,4225605,81,19,0,4.03,Education Planning
Brenda Avila,46,Conservative,3105379,24,46,30,5.45,Long-Term Growth
Melissa Palmer,54,Conservative,175767,21,58,21,17.43,Long-Term Growth
